qq,Omnisend,martin@omnisend.com,Sender’s email address verification,2018-10-30,
qq,Omnisend,martin@omnisend.com,Sender’s email address verification,2018-10-30,
qq,Omnisend,martin@omnisend.com,Sender’s email address verification,2018-10-30,
qq,Omnisend,martin@omnisend.com,Sender’s email address verification,2018-10-30,
qq,Omnisend,martin@omnisend.com,Sender’s email address verification,2018-10-30,
qq,Omnisend,martin@omnisend.com,Sender’s email address verification,2018-10-30,
qq,Omnisend,martin@omnisend.com,Sender’s email address verification,2018-10-30,
qq,Omnisend,martin@omnisend.com,Sender’s email address verification,2018-10-30,
qq,Omnisend,martin@omnisend.com,Sender’s email address verification,2018-10-30,
qq,Omnisend,martin@omnisend.com,Sender’s email address verification,2018-10-30,
qq,Omnisend,martin@omnisend.com,Sender’s email address verification,2018-10-30,
qq,Omnisend,martin@omnisend.com,Sender’s email address verification,2018-10-30,
qq,腾讯企业邮箱,10000@qq.com,欢迎使用腾讯企业邮箱,2018-10-26,
